RecordID,Username,Age,City,Category,Score,Balance,Status,JoinDate,RandomCode
R0001,mmjfvyhb,37,Dharan,D,169,31859.05,Active,2025-03-24,JUGKBR
R0002,smtdzwaf,18,Chitwan,B,229,21841.9,Inactive,2023-04-15,IUEI0X
R0003,ajxrdtju,57,Biratnagar,B,463,40663.42,Active,2022-12-12,TY5ZHC
R0004,ofrpyksh,21,Biratnagar,A,338,32578.97,Active,2022-02-12,MSPEHQ
R0005,dxytekyj,47,Biratnagar,C,491,4829.63,Inactive,2021-10-10,XBKVLF
R0006,gzasjmqj,55,Butwal,D,198,31459.22,Pending,2021-07-18,QSGB1D
R0007,bceeesip,34,Biratnagar,A,623,13600.13,Pending,2022-01-15,NJ07VG
R0008,qoympkgy,42,Dharan,C,34,26319.5,Active,2024-01-04,BDCD3C
R0009,zcagnmyj,64,Dharan,B,658,18472.71,Pending,2020-10-31,4T950Z
R0010,xoejxkjf,25,Biratnagar,A,191,19577.49,Inactive,2020-06-22,CU8SOI
R0011,dgehcvsx,26,Butwal,A,48,31168.01,Pending,2023-10-23,4NXIAZ
R0012,sniuiehg,28,Kathmandu,B,64,45119.33,Pending,2023-04-25,ZUSZSV
R0013,zhspvqgw,37,Kathmandu,C,921,13698.08,Inactive,2021-06-28,5HDB4M
R0014,kumoydxb,37,Pokhara,D,948,15143.8,Pending,2024-04-13,S3EFW5
R0015,mkacnzej,33,Pokhara,B,17,49635.49,Pending,2020-01-07,1APCQY
R0016,bibwgmvg,62,Biratnagar,D,523,1472.1,Inactive,2023-01-17,NLRMNQ
R0017,clfkzdxh,36,Dharan,A,452,11025.8,Inactive,2020-09-21,YLNASH
R0018,imexsney,31,Biratnagar,A,619,21108.75,Active,2023-07-23,OFUADJ
R0019,nrixsyro,56,Biratnagar,B,983,23020.43,Inactive,2023-02-02,D7NS5B
R0020,zuljiwyr,60,Chitwan,C,765,19624.6,Pending,2020-06-20,TF55BI
R0021,uhdcicwi,19,Chitwan,A,34,13477.54,Pending,2024-06-24,O9WFIB
R0022,ubpcivtb,49,Butwal,B,309,40201.47,Inactive,2021-09-24,RDLJJQ
R0023,bxfqtrba,43,Dharan,C,540,6346.85,Inactive,2020-01-28,POWJ07
R0024,xvfyvyjf,27,Biratnagar,C,241,9979.51,Active,2023-01-25,OP9ZX9
R0025,qpznpscv,46,Chitwan,C,618,637.64,Active,2020-04-28,1FCTDR
R0026,hmdrhfym,33,Chitwan,B,770,36352.52,Pending,2020-04-27,E4OKVE
R0027,vhytmbfs,34,Dharan,B,501,12633.07,Pending,2024-08-19,7ZM9WW
R0028,yfntdquq,64,Dharan,B,924,49644.05,Pending,2024-04-14,FSKR5W
R0029,celgchbq,35,Pokhara,B,335,113.29,Inactive,2020-01-14,CG4B9W
R0030,rnxrnjxi,59,Chitwan,B,156,42454.27,Inactive,2021-08-11,GRO842
R0031,uftzueyv,36,Pokhara,B,540,49220.04,Inactive,2020-07-27,VPO0HB
R0032,oltpkhbl,59,Pokhara,C,675,41678.03,Inactive,2024-12-02,F3UUVC
R0033,qkyjiqll,20,Kathmandu,B,534,33688.35,Active,2020-01-02,R9ENT3
R0034,vcqeexyx,31,Chitwan,C,728,20430.47,Active,2024-02-08,K1W8XQ
R0035,lsnzvimt,53,Pokhara,B,279,9899.36,Active,2024-12-27,FTII9W
R0036,bfuwwfee,30,Chitwan,C,578,9497.05,Inactive,2024-03-25,60DK3P
R0037,ixixpczw,32,Biratnagar,D,115,47083.26,Pending,2021-02-17,TUB3KG
R0038,exljqorp,49,Chitwan,A,576,7351.29,Active,2023-01-07,0KAQBD
R0039,hexkmxgj,22,Pokhara,D,396,41906.97,Pending,2025-06-07,YO490N
R0040,ngszbpks,49,Chitwan,A,371,44486.54,Inactive,2025-03-02,R9OIMS
R0041,fdbrffil,40,Chitwan,A,259,38135.97,Inactive,2025-03-15,VLZ398
R0042,czalmrhy,40,Dharan,A,766,12100.26,Pending,2021-10-28,5RXCDD
R0043,cktevhfn,29,Chitwan,C,499,17387.73,Pending,2022-12-22,K055OV
R0044,wttqddur,53,Pokhara,C,524,49315.68,Inactive,2024-02-27,MFJEQB
R0045,dugqlqel,54,Biratnagar,C,837,48884.76,Active,2022-11-18,EBC5G9
R0046,rxyzizhn,18,Kathmandu,B,790,9399.03,Active,2024-11-07,EOF1O0
R0047,wmstuspl,26,Kathmandu,C,408,196.09,Pending,2024-03-06,LRV19Q
R0048,mlhyszma,57,Pokhara,B,260,46226.59,Active,2022-01-08,3FRICP
R0049,fubrjkts,53,Biratnagar,B,264,9140.81,Pending,2021-08-30,358N71
R0050,uwiuftod,44,Chitwan,C,124,30524.48,Active,2022-12-28,MQ5UBN
R0051,bkmtcpcy,20,Butwal,A,627,30214.03,Active,2021-03-02,SP4DXG
R0052,gdxxbief,30,Dharan,C,99,42309.45,Pending,2024-05-01,JEQK8T
R0053,fgualxwn,26,Kathmandu,D,91,33730.3,Pending,2023-08-27,HN52FE
R0054,cowvireg,41,Dharan,A,123,11968.93,Inactive,2021-11-07,J65LXW
R0055,btqmixck,42,Dharan,A,311,17010.97,Inactive,2021-04-09,VNDZJL
R0056,wnfrfcex,38,Pokhara,A,175,16920.19,Active,2020-11-12,F74T8F
R0057,bdhwdpej,50,Pokhara,D,828,49731.6,Inactive,2022-06-28,UF3WSL
R0058,czipcvae,36,Chitwan,A,172,30447.76,Active,2022-07-04,NSI2IK
R0059,wslptmdc,46,Pokhara,C,396,38891.57,Active,2021-11-10,CLN8T3
R0060,gktfexim,55,Butwal,A,715,27249.99,Active,2025-02-16,V4RR6K
R0061,lqkxfavh,62,Butwal,C,282,11117.24,Pending,2025-04-08,B2RBLL
R0062,uiqzyxnf,65,Kathmandu,A,531,16998.39,Inactive,2024-07-13,H22FKG
R0063,xbbkapok,27,Butwal,B,771,21586.16,Inactive,2025-05-05,DANCBJ
R0064,cmghjgeu,18,Pokhara,A,507,47024.07,Active,2024-03-21,WJM7AD
R0065,umbrvdgi,65,Dharan,B,4,23307.19,Pending,2022-09-29,XV5ZLZ
R0066,xcyqiwbz,50,Chitwan,B,689,10974.52,Pending,2024-02-12,58D1Y2
R0067,bnoosnur,29,Kathmandu,A,259,1768.64,Pending,2024-02-27,WBEXKY
R0068,tpjjkngo,47,Kathmandu,D,265,21651.18,Active,2020-01-28,O0QZZI
R0069,kgvisybk,31,Kathmandu,B,247,49624.74,Pending,2025-04-23,4K3N7R
R0070,zggtmxtg,56,Butwal,A,764,27093.4,Inactive,2020-04-29,53KQWY
R0071,bwpjosqb,53,Pokhara,D,577,2387.1,Pending,2024-03-06,5Y1F4Z
R0072,ldcxhcpn,33,Chitwan,C,338,29635.92,Pending,2022-06-21,P21N20
R0073,bipnawso,44,Biratnagar,C,495,505.41,Active,2025-02-22,ZN03KK
R0074,pdyixjcg,62,Kathmandu,B,579,31055.17,Active,2022-07-13,71CP8Q
R0075,uzkypijl,32,Dharan,D,1000,22116.91,Inactive,2022-05-06,E7N01Y
R0076,dgbqriwl,36,Pokhara,C,950,43143.53,Inactive,2023-10-20,M3WPCO
R0077,txzrceik,54,Dharan,A,530,40219.72,Active,2024-03-05,XFT07C
R0078,qvckngkx,18,Chitwan,A,634,8649.52,Inactive,2023-07-16,JELE9H
R0079,ovuemljs,59,Dharan,C,546,11189.89,Inactive,2021-02-03,OL2L9K
R0080,oewgqxqp,41,Kathmandu,D,748,18919.19,Pending,2022-08-16,73M84T
R0081,velfcjge,25,Pokhara,C,805,47725.46,Pending,2025-05-03,Y19VPT
R0082,uaszouoh,49,Pokhara,C,984,10730.19,Pending,2023-12-17,XYD1YB
R0083,fcasnaeu,45,Dharan,C,493,12568.53,Pending,2020-11-28,N2KVCI
R0084,vtforuyp,26,Biratnagar,C,971,34798.47,Inactive,2023-03-12,IYMLRD
R0085,zauqioah,30,Kathmandu,B,30,11250.78,Pending,2023-06-02,QDI9RH
R0086,vbrkrcox,37,Biratnagar,D,143,46101.9,Active,2020-07-04,T4DV7K
R0087,akulxmri,62,Kathmandu,B,101,5853.95,Active,2025-02-18,KY2OVN
R0088,jbasswrt,54,Kathmandu,B,237,46013.72,Active,2024-11-13,0PD63J
R0089,zudimwbq,58,Dharan,B,773,27747.69,Active,2023-12-02,X9LX17
R0090,xaqlluax,49,Biratnagar,A,185,38136.65,Inactive,2021-12-16,WDOGYZ
R0091,kodvlonk,52,Kathmandu,C,749,45553.22,Active,2022-11-25,XBKKMJ
R0092,syqqwehy,55,Biratnagar,A,289,12270.52,Inactive,2021-07-12,JJVSGC
R0093,jdhncwko,34,Dharan,D,756,35126.86,Pending,2024-06-25,CKC4FI
R0094,zcxivfhu,43,Dharan,A,710,42755.37,Pending,2022-09-02,GQNUVL
R0095,ieydmxez,53,Dharan,C,141,20115.72,Inactive,2021-01-24,9RV5UG
R0096,qinmelij,50,Pokhara,A,624,20899.28,Pending,2020-08-15,RSFKLM
R0097,tkrmvurz,19,Pokhara,A,584,11927.03,Inactive,2022-12-09,3PDCST
R0098,popoyqae,35,Dharan,A,351,13174.41,Active,2024-12-11,IBRP23
R0099,eywmujxt,61,Biratnagar,B,193,40686.65,Inactive,2021-08-17,LVKAVL
R0100,xqjbenrc,19,Chitwan,B,920,20584.49,Inactive,2024-07-23,N4W7NM
R0101,emkhjnzb,23,Chitwan,C,772,45862.99,Inactive,2024-09-10,UC9W2N
R0102,kqfvfssm,20,Chitwan,D,67,47070.21,Active,2023-03-15,2JGCUX
R0103,wwsclmbx,26,Biratnagar,B,184,9466.79,Inactive,2020-08-09,0CNDRC
R0104,raotvkao,42,Pokhara,B,231,31512.26,Active,2025-05-13,HTVZ8E
R0105,orggskew,20,Kathmandu,B,104,388.28,Pending,2020-02-23,D9A9GT
R0106,bmcxiroq,42,Biratnagar,A,923,2947.09,Active,2020-07-08,MVW9X8
R0107,tjtlozjo,46,Dharan,A,973,39328.59,Inactive,2022-11-14,1VF5MN
R0108,lmryteav,52,Biratnagar,D,289,11935.34,Pending,2025-06-16,3MN9QB
R0109,eipuusjs,19,Butwal,D,239,42344.04,Pending,2023-08-08,ZASC2W
R0110,xvvfvdqr,64,Biratnagar,A,202,20353.66,Pending,2022-03-18,PAFYMD
R0111,xpxcnmrs,49,Pokhara,B,551,47694.13,Inactive,2023-04-28,J7OCZS
R0112,mrlusymz,23,Butwal,C,458,9522.22,Active,2025-05-27,SDZEIT
R0113,bobqflad,33,Kathmandu,D,978,16117.87,Active,2023-04-16,ZGR18G
R0114,zvcsodcf,21,Butwal,A,512,24640.69,Pending,2024-05-29,2Q6JJK
R0115,erscuavc,59,Biratnagar,B,784,46976.57,Pending,2021-11-10,GG7RUS
R0116,cezewwkm,24,Pokhara,C,721,22904.17,Pending,2022-06-18,RX3DKI
R0117,dfszaiuo,53,Kathmandu,A,418,21045.36,Inactive,2025-02-15,2WEPNQ
R0118,fnvedgxs,46,Pokhara,C,924,44406.25,Inactive,2024-08-14,RKX0GN
R0119,lnuponvl,55,Chitwan,B,604,44408.97,Inactive,2020-05-30,JM7RZD
R0120,gsegvrja,56,Pokhara,D,835,39747.6,Inactive,2025-06-18,9MRB7R
R0121,psrhqora,40,Pokhara,A,899,7732.56,Active,2021-02-12,B77TEK
R0122,aivpvvbj,29,Kathmandu,D,460,13936.04,Inactive,2021-12-14,DWLWNT
R0123,okhsqogu,45,Chitwan,C,570,20180.93,Inactive,2020-01-23,YXTNQJ
R0124,laheyjqb,33,Dharan,D,817,12318.85,Pending,2025-05-29,9RD3AM
R0125,gwpshocj,50,Biratnagar,A,894,15451.7,Pending,2021-04-11,SQMYZF
R0126,zuqdzjch,59,Biratnagar,B,832,2152.33,Pending,2022-08-06,6OE19D
R0127,zyvoitsv,36,Biratnagar,A,171,32671.61,Active,2021-11-25,4J7AKY
R0128,kdfnwxzk,45,Kathmandu,C,958,15438.75,Active,2020-09-17,1RRF2Y
R0129,ffolzmvg,58,Biratnagar,A,228,14439.37,Active,2021-07-10,Y99KC7
R0130,zbljmirg,55,Butwal,A,189,21721.85,Active,2025-06-01,TUR3K5
R0131,abyryqez,20,Kathmandu,C,897,36197.25,Inactive,2022-10-14,OHBMK5
R0132,gyyclmjt,40,Kathmandu,B,525,24503.12,Pending,2020-10-15,IY5GVE
R0133,xgpxjtct,29,Pokhara,B,956,18334.07,Pending,2021-07-21,Z0PW0D
R0134,xdkuvkzw,25,Butwal,C,997,43927.48,Pending,2022-06-12,NTX76L
R0135,tvzkcvvu,40,Chitwan,C,317,44614.4,Inactive,2024-12-19,PSMZ9J
R0136,fyjaefco,35,Pokhara,B,514,31125.83,Active,2024-11-10,MC7NCY
R0137,pzhnuldk,28,Biratnagar,D,190,37482.82,Active,2020-03-28,FJG6P2
R0138,tidmlurv,46,Dharan,B,338,28644.34,Active,2025-02-03,72XWTF
R0139,ymehmvnc,49,Biratnagar,C,370,6770.22,Inactive,2020-03-06,LY4X2C
R0140,bcvsqpru,41,Biratnagar,B,52,31836.54,Active,2022-06-30,YUDOMC
R0141,sjojxdvv,60,Chitwan,C,860,31176.97,Active,2024-08-21,YBUNYX
R0142,appnhjan,64,Biratnagar,B,136,8181.46,Pending,2024-06-21,MAP7UP
R0143,akfnjyml,36,Kathmandu,C,76,40522.59,Pending,2021-06-19,OWYPYH
R0144,hxhwxshw,25,Chitwan,C,286,17066.98,Active,2022-05-28,ZXL75S
R0145,aphgbhhy,31,Butwal,B,700,31829.1,Pending,2023-11-03,D9PIPM
R0146,vkmstshh,41,Butwal,A,188,45132.15,Inactive,2021-01-18,YY1PQD
R0147,wgiawazr,22,Pokhara,D,972,41958.66,Pending,2021-12-31,5B2L21
R0148,uyjgzhoi,42,Dharan,C,579,28578.79,Active,2021-01-17,QN4XO4
R0149,bctvvqgd,42,Kathmandu,A,849,42093.36,Active,2021-01-20,MKXKOH
R0150,gdwopknt,42,Chitwan,B,988,29829.98,Inactive,2022-02-18,QPP541
R0151,vsnaguzm,48,Chitwan,B,639,3210.56,Active,2021-08-09,US0AU8
R0152,uvobswxg,19,Chitwan,A,627,35238.88,Pending,2024-01-22,6VUIF0
R0153,omvvczsj,62,Biratnagar,A,876,38442.62,Inactive,2024-08-12,L7ZHLZ
R0154,akxshmyi,55,Dharan,C,490,23413.14,Active,2025-02-24,2J2S71
R0155,lotioawr,59,Butwal,A,204,11019.4,Inactive,2020-03-21,9GY282
R0156,jphlhxxl,50,Butwal,D,638,48852.89,Pending,2020-04-30,ZW4KJY
R0157,uzjwfbzz,50,Kathmandu,D,802,10739.08,Pending,2020-12-30,MMRV1M
R0158,jhqpchor,30,Kathmandu,C,319,11252.28,Pending,2023-07-11,5G26WR
R0159,fyvwebtv,45,Butwal,B,856,31772.77,Inactive,2021-05-14,1NBAQX
R0160,eedugbda,45,Butwal,A,223,23298.75,Active,2024-09-15,1CT80J
R0161,gjrsjeec,53,Dharan,B,372,20612.32,Pending,2023-08-10,DZP7CS
R0162,txyjmvqj,36,Butwal,D,955,49606.77,Pending,2025-04-09,GFMV6P
R0163,tlphinas,53,Chitwan,C,929,48586.73,Pending,2024-07-03,V7LNCD
R0164,aotjhrqg,54,Chitwan,D,329,14310.38,Active,2022-12-01,C3QAIV
R0165,rjvyjieu,65,Butwal,C,151,38464.43,Inactive,2021-03-08,AXLM3A
R0166,ngmbbtqx,21,Butwal,A,262,18260.67,Active,2020-12-18,2ZGVWI
R0167,tdvlnhya,19,Pokhara,B,363,47322.0,Inactive,2020-10-14,S1F1TP
R0168,rjfmfkyz,21,Dharan,B,593,44863.3,Inactive,2022-04-20,D8G46W
R0169,vsmkopdy,18,Chitwan,C,423,43455.07,Pending,2022-06-10,PDY01G
R0170,fmqcuukd,35,Chitwan,B,234,12039.28,Inactive,2025-06-22,TABFQO
R0171,jmvtzbkd,25,Biratnagar,B,958,9470.93,Active,2020-02-21,IEZIUV
R0172,mkmfqixf,63,Kathmandu,A,516,21464.12,Active,2024-12-08,RIZVXC
R0173,xuvebtkr,21,Butwal,D,754,43628.06,Active,2021-08-20,LSXUJE
R0174,isqpnmqb,46,Pokhara,D,208,29928.24,Active,2021-09-25,XHEYTI
R0175,rdvneler,21,Butwal,A,888,8369.11,Inactive,2023-06-05,FWY1BN
R0176,gbdzuprp,19,Dharan,A,844,4660.67,Inactive,2023-02-13,7RGST8
R0177,vjzsdaij,25,Pokhara,D,159,40645.54,Inactive,2023-12-17,H682W5
R0178,wfhywdlw,22,Chitwan,C,294,29077.29,Inactive,2021-07-19,XCWA0M
R0179,ezqfrhkx,32,Biratnagar,A,466,48413.86,Active,2023-09-10,X6JZA9
R0180,lonmlqat,46,Pokhara,A,161,44683.79,Inactive,2023-03-05,DQHDXS
R0181,ixicsezw,65,Butwal,A,806,27625.67,Pending,2022-03-09,I8BXP1
R0182,btblhwgr,47,Kathmandu,A,803,15252.54,Pending,2023-08-16,7RICON
R0183,cczijghi,36,Dharan,D,542,21368.57,Active,2024-06-19,8U2UME
R0184,dbdpkzra,20,Chitwan,D,931,11544.4,Active,2020-10-10,MERDP1
R0185,pctershs,29,Chitwan,A,468,15948.89,Inactive,2024-02-02,MCLQE1
R0186,wqagrdbn,33,Kathmandu,A,35,38719.8,Active,2021-07-12,82T6EQ
R0187,bawnrhrc,39,Butwal,A,910,23777.56,Inactive,2024-08-10,KRB6M4
R0188,topygymn,23,Dharan,A,716,49294.45,Pending,2025-01-28,K052WG
R0189,afcthzri,49,Chitwan,C,790,20854.73,Active,2023-09-28,CJYRSV
R0190,xhmvsvsr,46,Pokhara,D,177,4725.7,Inactive,2025-02-15,T67DG0
R0191,haffrayf,39,Biratnagar,A,563,16615.21,Active,2023-09-09,6LM6AK
R0192,jtkddyec,28,Chitwan,C,412,38430.14,Active,2020-12-23,ZFU2Q9
R0193,xhcthtlj,31,Pokhara,B,12,37323.53,Pending,2021-04-01,WMGNDN
R0194,xcfpfypb,42,Pokhara,C,419,17793.45,Inactive,2025-01-05,ZW1D5O
R0195,eultevmj,33,Pokhara,B,398,44075.78,Active,2020-12-26,EPRM84
R0196,coqrdisx,23,Butwal,D,145,42797.83,Pending,2021-01-15,N5I9UR
R0197,pigkhamf,43,Pokhara,C,624,43673.52,Inactive,2024-02-22,76A8TA
R0198,adyimvdd,45,Chitwan,C,787,10369.08,Inactive,2024-07-12,7OEVKF
R0199,uibioaco,39,Butwal,A,369,11537.98,Pending,2024-01-14,ZC36R8
R0200,ylccavhg,19,Pokhara,D,22,34596.06,Pending,2025-01-07,B0XNLA
R0201,jvqgqhju,38,Pokhara,D,933,48536.1,Pending,2021-09-18,TJOVN0
R0202,msobezwx,45,Biratnagar,D,100,28059.39,Active,2024-09-01,S5YA5S
R0203,xbnugxsb,54,Pokhara,D,411,12803.07,Active,2021-05-19,JNDL39
R0204,jnabckty,51,Kathmandu,C,17,7984.21,Inactive,2022-07-23,G4T489
R0205,ktpnvaii,47,Dharan,B,245,47609.91,Pending,2022-11-10,NMRFOE
R0206,cxeddkbh,26,Chitwan,D,789,28171.21,Active,2022-09-25,MJE6SJ
R0207,drutjkdz,55,Pokhara,A,497,5636.94,Pending,2020-10-26,MVW6GJ
R0208,yebezbbh,64,Chitwan,B,865,16197.91,Inactive,2021-08-22,W8WAOW
R0209,motfhpht,65,Biratnagar,C,439,35361.28,Pending,2024-05-04,FOKRSR
R0210,hypqhdge,33,Chitwan,C,357,1182.14,Pending,2025-04-07,8ORBSR
R0211,dmwkfhct,28,Butwal,D,715,45342.27,Inactive,2023-07-12,RI04FK
R0212,whkkkkgm,48,Butwal,C,810,34471.54,Pending,2023-05-06,94JV2G
R0213,hbcosopt,46,Chitwan,B,221,25059.85,Pending,2023-10-23,I0UZW7
R0214,tijmjzue,57,Biratnagar,A,555,12639.48,Inactive,2020-05-05,CAXL2B
R0215,evlkljxw,49,Kathmandu,A,334,31649.35,Pending,2020-08-24,76K4MY
R0216,llpnecmt,63,Chitwan,D,308,43098.22,Active,2023-08-09,XEPPOR
R0217,siwpbwxx,41,Butwal,C,528,45651.97,Active,2020-08-21,M26NZY
R0218,xswgeoly,20,Butwal,B,311,12716.9,Inactive,2024-06-22,BD8HU8
R0219,ftmymiop,27,Butwal,C,687,26435.46,Inactive,2023-10-26,10I0XL
R0220,hlbmrzcz,53,Dharan,A,678,47389.66,Inactive,2023-03-31,JLCF7G
R0221,ucmkweva,43,Chitwan,C,728,10922.42,Inactive,2023-09-22,LSV1ZI
R0222,dfbfhakw,29,Dharan,A,45,38853.53,Pending,2022-05-03,SKBDHA
R0223,jzrpqjfp,28,Dharan,D,298,15851.69,Active,2021-03-06,TE7166
R0224,svbesygs,59,Butwal,D,671,34130.56,Active,2025-06-02,VE76XO
R0225,soldzqbr,19,Dharan,B,830,13228.41,Pending,2022-11-03,UXYXMR
R0226,nwebwmbq,25,Biratnagar,A,934,6836.5,Pending,2025-01-07,AKG4U3
R0227,mtnatcia,28,Butwal,D,85,43301.34,Pending,2022-02-02,2HU386
R0228,frgfqiyn,40,Dharan,A,7,29205.76,Active,2020-10-25,15MZVP
R0229,ejwoedah,58,Kathmandu,D,138,21426.11,Pending,2022-10-16,YEBAZY
R0230,zgbsyuhh,56,Butwal,D,222,44917.65,Active,2022-09-10,XIBHUB
R0231,fpznxevb,32,Chitwan,B,588,45477.05,Inactive,2021-10-19,FLRE96
R0232,lyhhzmsv,18,Butwal,A,955,42174.46,Pending,2024-07-25,EJ4FRD
R0233,sjtrabgp,43,Chitwan,A,247,18237.86,Inactive,2021-10-17,MIT0ZW
R0234,vjyttzxb,38,Pokhara,C,670,31844.27,Inactive,2021-07-13,WM7PXR
R0235,vwkotqmn,59,Chitwan,D,440,20564.81,Inactive,2021-04-01,OCCNCG
R0236,mkexjfww,38,Pokhara,B,746,39607.69,Inactive,2025-02-22,IQ5OPT
R0237,kubrubkv,57,Butwal,B,590,21637.93,Active,2021-01-18,VS1GQQ
R0238,zuetyswq,27,Chitwan,D,894,30820.29,Inactive,2024-02-09,L019O2
R0239,umwcnjit,28,Biratnagar,A,445,14385.05,Inactive,2025-01-20,M0BE02
R0240,jgydigmw,41,Chitwan,C,530,41871.06,Pending,2023-04-16,5LTG0R
R0241,jutrahfr,24,Chitwan,B,18,40552.3,Inactive,2024-01-07,AL6NR7
R0242,dmcnfklz,21,Pokhara,D,25,20458.36,Pending,2021-03-20,WFTQAC
R0243,vieuyzxo,47,Kathmandu,B,770,29880.0,Pending,2024-11-15,BM9PPZ
R0244,fkvcqrgj,23,Chitwan,B,977,43912.61,Inactive,2021-11-16,SXKPWT
R0245,nnxrzagn,44,Pokhara,A,168,8292.11,Inactive,2021-05-11,OQL9RR
R0246,nmcxopfb,30,Butwal,C,921,13221.76,Pending,2020-12-24,276FSP
R0247,sqgvpoqd,33,Chitwan,D,7,39226.16,Pending,2023-03-16,GMJQA9
R0248,zfnhloxy,55,Kathmandu,D,873,49918.22,Inactive,2020-11-27,2F95P0
R0249,nhrpdjys,56,Dharan,C,16,39897.11,Pending,2022-10-06,LTNNCT
R0250,jagvhjpm,37,Kathmandu,A,752,40713.87,Active,2022-05-19,FASC9D
R0251,gcclaobg,52,Chitwan,A,592,25766.39,Inactive,2022-11-28,JEBRUC
R0252,ztxsdaol,63,Chitwan,C,361,35179.44,Pending,2024-04-25,E2ESUC
R0253,lrlpivhy,34,Chitwan,D,204,4715.88,Pending,2025-03-03,UW0W8U
R0254,gkvqxtcv,23,Biratnagar,C,202,11392.85,Inactive,2021-04-07,C9BE8O
R0255,vtgocfpc,26,Butwal,C,897,32159.95,Pending,2020-06-17,IUXJUE
R0256,ohwimbao,65,Dharan,B,342,26034.25,Active,2020-09-18,ZUQWUT
R0257,yiwohvwc,24,Chitwan,D,262,33563.31,Pending,2021-05-12,EGBJOL
R0258,wivtwnqt,61,Kathmandu,D,214,25045.76,Pending,2024-11-03,SR905A
R0259,lcosgxti,34,Butwal,B,809,18646.91,Active,2021-12-13,EQEMTJ
R0260,fnqxsdci,24,Pokhara,A,394,26164.31,Pending,2020-10-26,JFTRC4
R0261,uxxiooot,63,Dharan,A,367,42372.33,Inactive,2023-11-28,O8IHD9
R0262,iswtkmek,47,Chitwan,A,574,19203.28,Inactive,2021-04-18,J0J3O9
R0263,pbsgmarg,22,Chitwan,B,134,34621.25,Pending,2020-11-11,XT56G5
R0264,tojiowqa,42,Butwal,C,881,34699.47,Pending,2024-03-01,KFLJD9
R0265,gemaghuj,53,Dharan,B,717,48506.63,Pending,2021-05-10,4FQB0M
R0266,pzqdmmsr,32,Dharan,C,684,19892.74,Inactive,2025-05-05,4DQ6MC
R0267,rjoowyro,57,Kathmandu,C,200,44776.5,Active,2021-11-11,16DKDB
R0268,wblzcnex,35,Chitwan,B,80,5222.6,Active,2023-12-16,YB6LR2
R0269,qykhkiju,56,Pokhara,B,789,23530.8,Active,2022-04-18,UAKEPU
R0270,hnxqebhl,48,Pokhara,C,415,15407.6,Active,2024-04-26,GUM65V
R0271,yqujhosd,34,Pokhara,D,747,17814.1,Pending,2020-07-09,ZL1D1S
R0272,rnlbnzal,23,Chitwan,C,246,31178.69,Inactive,2023-11-09,ORJACO
R0273,kjynwsng,65,Chitwan,D,309,39170.23,Inactive,2024-09-12,L52WTZ
R0274,cybbfdgv,63,Pokhara,A,339,303.39,Active,2022-03-31,A75GNF
R0275,yzfretfh,58,Chitwan,A,98,7838.79,Inactive,2025-04-09,IFGW3F
R0276,xxgdvzqf,56,Dharan,D,870,26946.88,Inactive,2021-03-22,CDEJAA
R0277,biyspbsa,22,Butwal,D,981,16065.1,Inactive,2021-07-16,NZVP1P
R0278,bwtbjszx,56,Butwal,D,551,32738.75,Active,2022-07-07,P3UY11
R0279,sckzxqnc,39,Chitwan,D,809,49031.2,Active,2022-03-19,SZAC7K
R0280,gmlycgfc,54,Biratnagar,C,158,45227.86,Pending,2020-02-03,0UXJ15
R0281,suumykuu,50,Biratnagar,D,455,12137.17,Pending,2023-04-15,TK15QK
R0282,cyrrksjr,61,Butwal,C,808,9309.45,Pending,2021-02-09,K96KOC
R0283,imixrzrt,42,Pokhara,B,144,17099.27,Active,2022-05-15,EYWRA8
R0284,wsanvrco,33,Butwal,B,836,13565.97,Pending,2022-06-28,B6L5D2
R0285,yhxcsrxg,20,Pokhara,A,974,17729.48,Active,2021-09-30,A5IYEC
R0286,vxklqoof,21,Kathmandu,B,506,19782.71,Active,2020-11-24,5HSW42
R0287,gdgbqypo,43,Butwal,D,586,43811.73,Active,2020-10-13,SV8Q4H
R0288,hvcqbfru,46,Butwal,B,362,38676.93,Active,2020-05-26,Z0RT08
R0289,eqhtvcit,36,Dharan,D,1,12144.07,Active,2022-10-30,8WY90Y
R0290,vwlylyhj,40,Chitwan,C,953,40562.56,Inactive,2023-04-30,H2QOY2
R0291,pyndyeya,52,Kathmandu,A,487,48310.67,Pending,2020-11-21,R69WJE
R0292,woqveclv,20,Chitwan,B,198,23551.15,Pending,2021-02-04,1XT7ZJ
R0293,sxgotcpx,25,Dharan,C,199,33692.15,Active,2021-08-16,L836IP
R0294,xngzyieu,41,Pokhara,B,915,14074.44,Pending,2022-06-26,9YL32N
R0295,flidaver,65,Butwal,D,818,10191.44,Inactive,2024-08-29,N3EAPT
R0296,vrtjjscp,50,Kathmandu,D,968,15674.84,Inactive,2024-06-02,JCGS5N
R0297,kkmmvxgf,24,Chitwan,B,957,23411.9,Pending,2023-02-14,TET8WV
R0298,kyzgswqr,47,Kathmandu,D,843,45699.5,Inactive,2024-09-15,SBXV7A
R0299,glkcioxm,23,Butwal,A,972,41974.02,Active,2021-08-30,3HVYPU
R0300,rqmhvmwm,61,Chitwan,C,621,30189.4,Pending,2023-04-19,D1FUMF
R0301,rzlcxzwl,57,Dharan,C,549,4864.7,Active,2021-12-27,900PNV
R0302,flxbzdrf,42,Biratnagar,A,381,21118.7,Active,2020-10-29,UZGN70
R0303,ucjqoeqw,49,Biratnagar,B,363,32505.08,Inactive,2025-01-22,9GG413
R0304,sqznyxaf,32,Kathmandu,A,676,703.92,Inactive,2022-12-19,DEZE2O
R0305,lqrqtqrw,48,Butwal,C,814,30413.77,Inactive,2024-07-17,XV7RUY
R0306,iqazzlgp,26,Biratnagar,C,129,888.46,Pending,2022-03-18,DZTTNQ
R0307,iqggbrwe,26,Kathmandu,D,374,1989.57,Pending,2024-06-28,MDCPYJ
R0308,fifwaaxi,38,Kathmandu,D,266,43639.61,Inactive,2020-05-08,D3K4UG
R0309,epshwtiw,40,Chitwan,B,325,37895.71,Pending,2025-05-01,B4J9MU
R0310,xilvopcu,25,Biratnagar,C,852,15957.21,Active,2025-01-10,CTP7BE
R0311,ucxerqsy,56,Pokhara,B,824,22687.02,Active,2022-03-09,XW18SW
R0312,glysfadt,56,Chitwan,C,57,14957.84,Inactive,2023-03-08,WFRZXU
R0313,dfejnkei,44,Biratnagar,D,451,19721.79,Active,2022-05-25,V1M2GR
R0314,bjvakgqg,65,Butwal,A,910,49900.48,Pending,2023-04-17,H4DEFW
R0315,dynmlref,41,Kathmandu,D,363,28251.58,Inactive,2024-05-09,UW7AXD
R0316,lkuqmjty,22,Dharan,C,909,11699.73,Inactive,2025-02-12,B8TNNV
R0317,xjvbbuap,30,Dharan,B,755,11271.48,Pending,2024-12-11,LJ896X
R0318,qwtpyvjh,47,Kathmandu,B,677,43498.95,Pending,2020-11-27,RY7CH7
R0319,pdolcjsv,27,Biratnagar,D,878,37213.17,Pending,2021-05-12,XN2E9O
R0320,uygnjjvl,52,Chitwan,C,141,22453.79,Inactive,2024-08-30,0ZEF3Z
R0321,wxivqfjc,47,Pokhara,B,270,17034.88,Inactive,2024-07-05,6OHX5P
R0322,wzsnraxf,21,Kathmandu,A,38,9830.08,Inactive,2022-08-09,RIHA7U
R0323,qsfqnxhd,64,Kathmandu,C,419,1625.26,Pending,2023-08-02,IGCF0F
R0324,csedwefb,22,Kathmandu,D,376,20283.64,Inactive,2021-10-19,SBYKKY
R0325,knetimbo,26,Dharan,D,889,44846.2,Pending,2023-07-30,N2KWEK
R0326,ugyxfand,50,Chitwan,B,286,25236.39,Pending,2022-12-06,W6FKKU
R0327,ozkopvwa,56,Butwal,B,423,6718.37,Active,2023-04-20,N3IV6N
R0328,gjlimhop,30,Pokhara,D,193,39262.97,Pending,2025-06-22,AE7VFW
R0329,psvdkhkw,52,Dharan,B,304,1058.54,Active,2023-03-23,6WAN8E
R0330,rtqysjcj,28,Butwal,D,769,20415.49,Inactive,2025-03-14,4H6C0V
R0331,vpjvydla,29,Chitwan,D,652,4980.84,Inactive,2024-10-05,F6F0OL
R0332,eldzelnz,37,Dharan,B,27,10740.01,Pending,2022-11-02,J2NGKY
R0333,xnnlguzk,39,Dharan,B,521,38315.19,Inactive,2021-02-26,43BZHD
R0334,bldzethj,55,Dharan,C,32,30838.09,Pending,2024-01-10,LJCY4O
R0335,pysokcnv,29,Pokhara,A,200,12333.52,Active,2021-02-14,Z6JPDM
R0336,gkwkksdb,59,Chitwan,A,716,9437.92,Pending,2021-06-20,GHVC1M
R0337,xwjreaqo,58,Kathmandu,C,394,39330.36,Active,2025-05-18,EPV78Z
R0338,ejecqhxw,58,Kathmandu,A,703,13056.02,Active,2022-06-03,8OATQO
R0339,aetemhhq,52,Biratnagar,D,6,37586.31,Active,2021-06-09,NT6L6N
R0340,wgriqgpe,65,Butwal,B,330,24710.2,Active,2020-09-04,X13X63
R0341,ysmsecgm,55,Kathmandu,A,974,16918.48,Pending,2020-04-01,QYF46E
R0342,gmrobvix,63,Kathmandu,B,571,8081.49,Active,2022-09-07,6U9772
R0343,pbwhurjw,43,Kathmandu,A,898,826.01,Active,2024-12-28,NHGXIL
R0344,qgeleqri,45,Pokhara,C,980,47128.69,Active,2024-07-24,J9SGYU
R0345,wpttwmkg,55,Pokhara,A,553,39302.96,Inactive,2023-11-11,Z5MUGC
R0346,krxaozrk,47,Butwal,A,896,47293.34,Active,2025-01-13,DZ8EPE
R0347,oafmldkb,59,Biratnagar,B,901,12102.62,Active,2020-10-27,RZYMGI
R0348,grcugpug,19,Butwal,B,508,17656.58,Active,2021-03-20,B43YNH
R0349,lzxhhlib,27,Kathmandu,B,523,6927.29,Inactive,2025-03-17,5TH1SC
R0350,phkikswj,19,Chitwan,D,21,15026.96,Pending,2021-10-13,1V9BLI
R0351,wtiguepr,58,Butwal,D,429,21568.27,Inactive,2023-03-06,2Y6WCZ
R0352,kujoeonf,63,Dharan,C,239,32298.8,Pending,2024-03-29,Z90ZOI
R0353,hicgxfls,43,Biratnagar,D,870,37421.19,Inactive,2022-06-05,JNMJ7Y
R0354,mqcerwnw,49,Pokhara,A,905,11257.37,Active,2022-05-01,PEA6TI
R0355,ukmezqtp,52,Chitwan,C,529,44049.6,Inactive,2020-12-27,MWTZBM
R0356,xxfwxhqg,48,Pokhara,B,771,17693.44,Active,2021-11-27,KTSBNX
R0357,pwbqblgn,22,Pokhara,B,549,45604.31,Pending,2022-01-22,3GTO0R
R0358,osoihjhv,34,Biratnagar,A,923,15792.24,Pending,2023-12-27,KPASYF
R0359,wxpzvsot,48,Chitwan,B,566,18552.91,Pending,2020-06-12,6INTE5
R0360,ozvjgwcp,60,Kathmandu,D,583,13861.21,Inactive,2024-05-03,9JYJVT
R0361,qsilhiew,39,Dharan,B,940,13116.81,Pending,2020-11-06,KM3VW3
R0362,xbzvwvpe,25,Kathmandu,D,33,8269.77,Inactive,2025-06-17,OL4C16
R0363,dprrlhma,29,Kathmandu,A,616,36498.23,Inactive,2023-04-07,EUSHWM
R0364,kxbfgqbz,47,Chitwan,A,749,22819.42,Inactive,2021-01-20,M9UBPU
R0365,qlgwqmfl,36,Dharan,A,821,21867.13,Inactive,2022-06-12,A3MLQQ
R0366,knqeqfqf,60,Dharan,D,778,27438.71,Pending,2023-01-15,96FOJQ
R0367,gimhxjyc,40,Dharan,D,190,8061.82,Pending,2023-04-11,LRMM8T
R0368,wgrdnqek,35,Biratnagar,A,249,5842.54,Inactive,2022-12-03,ITUUNM
R0369,dhlnoqbh,22,Dharan,D,874,5995.86,Pending,2020-11-24,UBAFM8
R0370,lpjbiekm,30,Biratnagar,B,62,1319.05,Active,2024-07-05,6TII5A
R0371,hsjmtqde,34,Kathmandu,D,747,47465.38,Inactive,2023-07-13,FBDK01
R0372,bomrudmw,65,Butwal,D,12,24634.18,Pending,2023-02-19,K30YPB
R0373,ovjtefox,25,Butwal,B,357,41642.9,Active,2024-12-24,USSNV1
R0374,dkgmymlo,56,Kathmandu,B,836,42806.04,Pending,2024-01-04,SKSMRN
R0375,xfigchfe,54,Kathmandu,A,306,6398.52,Inactive,2021-10-08,BND24O
R0376,tekbalbg,59,Chitwan,D,409,21358.62,Pending,2024-06-03,LK00R1
R0377,omdkkpqr,49,Chitwan,C,461,8419.5,Pending,2022-04-27,8EIER9
R0378,qiabxjpd,55,Dharan,D,360,29737.3,Inactive,2024-08-23,2BUKGU
R0379,briibrrl,41,Butwal,B,772,26550.38,Pending,2024-11-29,9VIIU8
R0380,yaocyfjp,20,Biratnagar,D,993,14518.35,Pending,2024-02-29,VQOC8Q
R0381,vaoawqjq,53,Biratnagar,C,39,23009.19,Pending,2025-05-01,V7SW5P
R0382,hsqiifih,18,Pokhara,C,957,21460.83,Active,2024-05-18,LAWFMX
R0383,qjaaohjq,42,Kathmandu,B,71,1900.64,Active,2020-04-14,4MICAY
R0384,wcyteisd,53,Biratnagar,A,327,46861.72,Active,2020-11-10,XJQSU8
R0385,lobfibui,58,Kathmandu,B,19,21505.29,Inactive,2023-01-07,BS0UHV
R0386,mkpqvqvk,63,Dharan,B,814,6465.01,Active,2023-11-26,2SBS1G
R0387,bcprwaka,23,Chitwan,A,658,13545.44,Active,2024-08-31,65Q1CW
R0388,znlsdtwh,32,Chitwan,D,192,2377.98,Pending,2023-10-18,104FC2
R0389,dmlekqpu,24,Dharan,A,802,8106.74,Inactive,2023-11-05,7MUHOT
R0390,gwxrehaf,22,Pokhara,B,505,2540.45,Active,2024-10-24,G7O7LX
R0391,cxrpppao,23,Chitwan,A,199,30400.85,Inactive,2020-02-23,VX7TXW
R0392,ikiqeddw,33,Butwal,A,54,4782.31,Inactive,2021-11-16,X15TAN
R0393,iqicdfyz,61,Biratnagar,C,682,42897.87,Inactive,2022-05-15,3UXUKH
R0394,vouhkmpq,65,Butwal,A,612,45319.66,Inactive,2020-06-20,31X0SD
R0395,lwcfhvgf,59,Chitwan,B,111,19139.05,Active,2020-10-17,03I99P
R0396,dabjddkd,46,Biratnagar,D,695,16554.28,Inactive,2020-03-01,P4GN33
R0397,jkgyrabi,20,Kathmandu,C,19,45977.68,Inactive,2022-09-20,YIAUV0
R0398,wsyjdser,20,Pokhara,C,967,35063.38,Inactive,2024-12-18,V6ET1Z
R0399,rmhixybb,32,Kathmandu,A,422,21796.56,Inactive,2021-02-20,1C6ZH7
R0400,imbdpznu,33,Dharan,B,522,16186.01,Pending,2020-10-18,NRARLO
R0401,cmqfkqkr,36,Dharan,C,175,31890.73,Inactive,2023-01-14,LOM5F3
R0402,vwtixrhu,60,Pokhara,D,617,40591.93,Inactive,2024-12-31,ZX81M1
R0403,yddsanoe,38,Biratnagar,C,105,1047.62,Active,2022-01-06,GOLE1N
R0404,bfaqnfbh,30,Kathmandu,D,887,23906.92,Pending,2023-03-04,02DQQU
R0405,sdrkahmh,43,Pokhara,C,238,136.71,Pending,2022-12-03,6ACBPL
R0406,ylxteevy,20,Dharan,A,214,26093.9,Inactive,2020-10-14,SJ2LPK
R0407,irhlxmdm,43,Biratnagar,D,336,46875.67,Inactive,2025-02-09,U2VL9Y
R0408,smaowtup,19,Biratnagar,C,790,49295.72,Inactive,2021-11-18,A7E9EH
R0409,dkluqnbf,61,Kathmandu,A,896,29627.73,Inactive,2023-07-25,QITWAL
R0410,dhxmxijd,47,Pokhara,B,426,17587.27,Pending,2024-07-28,8TWMR6
R0411,jufbyyli,42,Butwal,D,504,44180.53,Active,2024-05-17,IYJXD8
R0412,gcmmbnxd,30,Pokhara,B,558,46183.81,Active,2024-07-15,5LSHWB
R0413,aiaexipr,62,Biratnagar,C,937,17223.02,Active,2023-05-09,2Y716N
R0414,aybclctc,55,Dharan,B,523,39268.38,Active,2022-10-05,JX7R82
R0415,bypflpft,48,Dharan,B,325,20428.68,Inactive,2020-04-25,4W1SSP
R0416,ktxxewss,25,Kathmandu,A,703,3239.69,Active,2021-01-16,EIH18A
R0417,dzouxvon,20,Chitwan,B,776,1801.24,Pending,2020-03-16,LG3NCH
R0418,kkitiive,49,Chitwan,B,509,23985.63,Inactive,2021-01-22,PYX2I9
R0419,nubevguy,25,Pokhara,D,116,31577.63,Inactive,2023-11-04,O9RSW4
R0420,fjnarxhr,34,Biratnagar,B,452,12286.75,Inactive,2022-03-07,TE82JF
R0421,gymglote,22,Biratnagar,B,884,14438.83,Pending,2021-03-26,198102
R0422,ddfwjffq,24,Butwal,D,456,40430.34,Active,2020-01-17,WYE69M
R0423,xradnjwc,49,Kathmandu,B,448,30072.46,Inactive,2021-09-24,L9L263
R0424,ffuesdac,40,Kathmandu,D,549,26409.8,Inactive,2023-10-27,3YKVCP
R0425,iaghakmo,59,Chitwan,B,18,8968.83,Pending,2022-07-20,Y8DZ1P
R0426,czosebat,34,Butwal,B,278,29143.09,Active,2024-08-23,Q71CXS
R0427,zopoffaj,44,Pokhara,B,908,38606.87,Inactive,2021-02-15,67SDDL
R0428,gqxpmkqc,19,Biratnagar,A,384,1274.71,Inactive,2023-01-10,0GM4IW
R0429,tlijxoqy,29,Dharan,D,654,26518.02,Active,2023-08-29,K7VLVP
R0430,vkzofpyw,38,Kathmandu,B,117,38314.08,Inactive,2025-04-01,74SEAD
R0431,lxlxezah,57,Dharan,A,916,9460.96,Pending,2023-04-03,TI55JD
R0432,qbzbodom,61,Pokhara,D,512,21805.92,Pending,2020-04-11,2TNNS5
R0433,oluxkvqb,45,Kathmandu,D,260,40951.09,Inactive,2024-12-07,WWNBHE
R0434,mjaxvdev,18,Butwal,C,41,35102.7,Active,2025-01-08,E10S8N
R0435,ntgmdhaq,19,Pokhara,A,950,38876.76,Inactive,2025-04-05,OJFG7R
R0436,uocwrobr,47,Chitwan,C,193,27899.87,Inactive,2021-02-15,G20NT2
R0437,pqboabyw,29,Chitwan,A,669,48651.24,Pending,2020-02-05,2GUXX4
R0438,atfmhqxu,44,Biratnagar,B,527,45045.89,Pending,2020-11-22,36JOH7
R0439,mrwyrwmw,20,Chitwan,A,849,28906.41,Active,2023-09-04,G33SRL
R0440,scmyusoi,47,Kathmandu,C,475,6996.8,Active,2020-02-06,YRPH5W
R0441,pdezcyph,57,Chitwan,A,30,41147.85,Active,2023-11-04,4O8VRN
R0442,upeyqgxy,20,Butwal,B,633,33715.2,Active,2021-05-29,85UMQK
R0443,hvtdljdh,49,Chitwan,C,185,38119.98,Inactive,2020-06-01,A42A63
R0444,kxdgwfco,46,Pokhara,A,780,31249.76,Active,2023-06-08,5JDB8H
R0445,apfqkalb,50,Biratnagar,A,830,18468.08,Inactive,2021-11-05,F7E381
R0446,pjmlruyh,24,Biratnagar,C,168,28102.73,Active,2020-08-17,3HLS6U
R0447,kwwrpfma,55,Butwal,A,555,13412.21,Inactive,2022-02-06,NR8YRG
R0448,skvjcowl,48,Kathmandu,C,359,41522.13,Pending,2024-01-10,9YXNFP
R0449,xclkkdnw,30,Butwal,C,626,10709.59,Active,2023-12-19,BSK0BP
R0450,wlzamsrn,42,Pokhara,B,75,17844.52,Pending,2022-05-23,1KK8N6
R0451,rcgzxgyv,30,Kathmandu,A,636,26070.66,Pending,2020-02-22,O56A5K
R0452,dfaxkqih,21,Chitwan,A,568,35851.8,Pending,2021-09-13,TCUIL4
R0453,gmbslusv,54,Pokhara,A,7,4517.75,Active,2023-04-03,ILAV0R
R0454,bqajhnrs,41,Butwal,A,884,39417.04,Active,2020-07-26,1CK7DU
R0455,kugkbcpt,63,Dharan,B,715,18678.36,Pending,2020-07-26,WX5LRY
R0456,ikdrwiho,43,Chitwan,B,436,47697.71,Active,2020-06-27,JKCDCT
R0457,eosfbgmg,33,Dharan,B,754,23675.65,Inactive,2020-03-03,S0RMCU
R0458,oeagtwin,33,Kathmandu,C,634,19964.59,Pending,2021-05-17,VIHGJS
R0459,yqcuwrfg,58,Dharan,C,552,27509.01,Active,2022-01-16,69EBLT
R0460,wfedlffm,64,Chitwan,D,696,44062.57,Pending,2022-01-18,62078I
R0461,lwtobwxu,53,Dharan,B,852,34090.67,Inactive,2024-10-27,JI30HU
R0462,sgsifote,59,Biratnagar,A,998,13271.65,Pending,2020-06-10,9U38LA
R0463,xbbvwiqp,43,Dharan,D,515,35577.96,Inactive,2022-10-01,KSN5OJ
R0464,aigjpfbo,31,Kathmandu,C,942,39826.73,Inactive,2020-06-02,GN50OJ
R0465,jnqlijir,20,Kathmandu,C,436,29178.16,Inactive,2023-08-11,0NXIX7
R0466,zqylnduu,47,Chitwan,D,985,5832.67,Pending,2023-05-23,ZGFZN5
R0467,acnniyrx,48,Biratnagar,C,163,39272.42,Active,2021-04-27,J1OXWQ
R0468,kucebljk,44,Chitwan,C,694,44741.9,Active,2020-12-20,7DN9DW
R0469,egcsrntu,18,Kathmandu,A,525,8656.52,Active,2022-03-23,9J1QEI
R0470,htojqquz,25,Biratnagar,D,962,30379.46,Inactive,2024-12-20,7P8EQH
R0471,timqfxse,33,Pokhara,B,866,785.41,Active,2022-11-29,6213ZG
R0472,navkzlxk,52,Biratnagar,C,534,23644.37,Inactive,2024-11-27,0CP47P
R0473,pvvluoqn,62,Chitwan,A,640,11335.3,Pending,2024-06-23,G9HH4K
R0474,wcsvpgfj,33,Chitwan,D,490,24653.89,Inactive,2024-04-17,DNXOWN
R0475,oxcujgke,29,Kathmandu,C,148,30892.67,Pending,2022-05-08,3A8Q5M
R0476,zngapohm,46,Chitwan,B,250,33145.78,Pending,2022-06-14,J2R8W5
R0477,meeaidpt,53,Butwal,D,515,1513.82,Inactive,2025-04-27,12OEKG
R0478,ahedyssq,55,Dharan,D,520,1686.19,Pending,2023-11-22,465DGT
R0479,fzcvoxrb,51,Dharan,B,981,40201.85,Inactive,2022-02-27,TD1AGR
R0480,fqedajfd,57,Butwal,D,70,2531.24,Pending,2023-01-27,FEE7CV
R0481,kajradjg,55,Dharan,A,906,41133.72,Inactive,2021-07-20,T25R6N
R0482,vietnuyv,62,Pokhara,D,431,22797.05,Active,2025-05-07,PH0E9X
R0483,uuwxefxd,29,Chitwan,B,945,10677.26,Pending,2024-02-28,VOUDS7
R0484,twzbuggx,29,Dharan,B,131,37746.67,Active,2023-09-10,ELAAZL
R0485,gnyjsesi,40,Butwal,D,76,43141.37,Pending,2024-02-16,7UZHOQ
R0486,ruiskogs,26,Chitwan,B,710,38732.62,Active,2025-04-18,JM6XAR
R0487,qmlodxox,27,Chitwan,B,559,243.3,Inactive,2020-05-06,7X5QRZ
R0488,zmziatjq,43,Chitwan,A,904,49749.34,Pending,2025-05-09,XMNKPC
R0489,wbequcdv,49,Butwal,C,315,4362.08,Inactive,2024-10-27,6H6QN5
R0490,ajmcvzks,47,Butwal,D,595,38777.24,Active,2023-07-31,NPQ0U1
R0491,kstlqjlh,27,Kathmandu,A,201,41616.17,Pending,2021-12-18,PA32MH
R0492,odrvyocs,43,Chitwan,A,572,46071.09,Active,2024-10-23,D934VA
R0493,jeqxsxox,48,Chitwan,C,197,14847.53,Active,2020-09-28,T64L8L
R0494,xaecmihn,50,Chitwan,B,932,13689.26,Inactive,2023-01-13,7U1SZV
R0495,hsjrsvew,52,Pokhara,B,27,2732.71,Pending,2025-03-28,43SQV1
R0496,lbcrfdks,48,Chitwan,D,585,7052.83,Active,2023-04-30,UUCZF1
R0497,niofsuxt,55,Kathmandu,D,933,18034.32,Pending,2023-02-12,A3OVCY
R0498,ayekvtvr,56,Biratnagar,D,559,12193.35,Pending,2020-07-24,E8TEIV
R0499,crkelztd,51,Pokhara,B,366,18317.74,Inactive,2023-09-02,UICUAP
R0500,mexpmxqb,48,Kathmandu,B,374,1456.91,Pending,2021-05-31,09DJHK
